,Date,City,Country,Lat,Lng,Max Temp (F),Humidity (%),Cloudiness (%),Wind Speed
0,1595525267.0,port alfred,ZA,-33.59,26.89,63.75,53.0,0.0,7.74
1,1595525267.0,new norfolk,AU,-42.78,147.06,39.9,87.0,99.0,2.62
2,1595525267.0,tshikapa,CD,-6.42,20.8,83.37,21.0,37.0,2.17
3,1595525268.0,kodiak,US,57.79,-152.41,57.2,71.0,1.0,4.7
4,1595525268.0,qaanaaq,GL,77.48,-69.36,49.05,51.0,0.0,1.63
5,1595525268.0,kapaa,US,22.08,-159.32,74.86,83.0,40.0,10.29
6,1595525268.0,bluff,NZ,-46.6,168.33,39.0,83.0,87.0,3.0
7,1595525268.0,aksu,CN,41.12,80.26,79.66,25.0,29.0,6.4
8,1595525268.0,zhuhai,CN,22.28,113.57,85.69,83.0,20.0,5.82
10,1595525268.0,ponta do sol,PT,32.67,-17.1,72.16,64.0,20.0,13.87
11,1595525269.0,cidreira,BR,-30.18,-50.21,71.04,70.0,99.0,7.63
12,1595525269.0,bollnas,SE,61.35,16.39,60.17,45.0,97.0,11.72
13,1595525269.0,ola,RU,59.58,151.28,52.9,83.0,98.0,1.05
14,1595525269.0,albany,US,42.6,-73.97,81.61,79.0,62.0,4.34
16,1595525269.0,yerbogachen,RU,61.28,108.01,55.09,93.0,3.0,5.57
17,1595525269.0,carnarvon,AU,-24.87,113.63,60.8,100.0,0.0,10.29
18,1595525269.0,peleduy,RU,59.63,112.74,57.9,90.0,74.0,3.47
19,1595525270.0,kalmunai,LK,7.42,81.82,80.4,80.0,100.0,14.47
20,1595525270.0,atuona,PF,-9.8,-139.03,78.31,74.0,6.0,21.34
21,1595525270.0,san patricio,MX,19.22,-104.7,89.6,75.0,75.0,9.17
22,1595525270.0,manokwari,ID,-0.87,134.08,79.66,67.0,22.0,3.65
23,1595525270.0,paez,CO,5.1,-73.05,76.75,61.0,55.0,4.97
25,1595525011.0,plouzane,FR,48.38,-4.62,68.63,60.0,21.0,8.05
26,1595525270.0,norman wells,CA,65.28,-126.83,57.2,82.0,75.0,4.7
27,1595525271.0,dikson,RU,73.51,80.55,41.76,87.0,21.0,7.87
28,1595525271.0,swidwin,PL,53.77,15.78,64.0,52.0,23.0,1.99
29,1595525074.0,punta arenas,CL,-53.15,-70.92,39.09,76.0,20.0,16.11
30,1595525271.0,williams lake,CA,52.14,-122.14,73.4,64.0,75.0,2.24
31,1595525271.0,hovd,MN,48.01,91.64,67.3,55.0,67.0,1.83
32,1595525262.0,cockburn town,TC,21.46,-71.14,86.0,66.0,40.0,13.87
33,1595525271.0,busselton,AU,-33.65,115.33,44.44,72.0,5.0,3.62
34,1595525271.0,upernavik,GL,72.79,-56.15,46.22,73.0,78.0,11.63
35,1595525272.0,olafsvik,IS,64.89,-23.71,49.59,68.0,2.0,17.38
36,1595525272.0,chokurdakh,RU,70.63,147.92,63.73,72.0,38.0,5.91
38,1595525106.0,lagos,NG,6.58,3.75,82.4,74.0,75.0,6.93
39,1595525272.0,puerto ayora,EC,-0.74,-90.35,73.29,69.0,20.0,21.92
40,1595525272.0,georgetown,MY,5.41,100.34,80.31,88.0,20.0,4.7
41,1595525272.0,bambous virieux,MU,-20.34,57.76,68.95,56.0,75.0,18.34
42,1595525272.0,kemijarvi,FI,66.71,27.43,63.12,86.0,62.0,9.82
43,1595525273.0,basoko,CD,1.24,23.62,77.13,75.0,94.0,1.39
44,1595525273.0,sobolevo,RU,54.43,31.9,57.58,83.0,5.0,5.57
45,1595525273.0,vardo,NO,70.37,31.11,55.4,87.0,75.0,14.99
46,1595525273.0,axim,GH,4.87,-2.24,77.95,77.0,98.0,10.33
47,1595525273.0,nizhneangarsk,RU,55.78,109.55,51.98,86.0,76.0,2.01
48,1595525273.0,gonbad-e qabus,IR,37.25,55.17,82.4,74.0,75.0,6.93
49,1595525106.0,hobart,AU,-42.88,147.33,40.28,75.0,97.0,5.82
50,1595525274.0,zemio,CF,5.03,25.14,70.97,94.0,69.0,2.35
51,1595525274.0,porto walter,BR,-8.27,-72.74,95.23,38.0,25.0,2.46
52,1595525274.0,ilulissat,GL,69.22,-51.1,53.6,50.0,75.0,3.36
53,1595525274.0,ribeira grande,PT,38.52,-28.7,73.4,69.0,20.0,6.93
54,1595525139.0,east london,ZA,-33.02,27.91,67.01,55.0,0.0,10.42
55,1595525274.0,padang,ID,-0.95,100.35,78.44,78.0,100.0,4.14
57,1595525274.0,vaini,TO,-21.2,-175.2,68.0,100.0,75.0,5.82
58,1595525275.0,oranjemund,NA,-28.55,16.43,74.28,20.0,0.0,8.95
59,1595525275.0,nouadhibou,MR,20.93,-17.03,73.4,78.0,0.0,23.04
61,1595524984.0,rikitea,PF,-23.12,-134.97,66.76,66.0,3.0,19.04
62,1595525275.0,provideniya,RU,64.38,-173.3,49.95,66.0,44.0,7.47
63,1595525275.0,cap malheureux,MU,-19.98,57.61,68.0,51.0,58.0,8.99
64,1595525275.0,careiro da varzea,BR,-3.2,-59.81,87.85,62.0,40.0,3.36
65,1595525105.0,umm kaddadah,SD,13.6,26.69,95.65,23.0,86.0,4.21
66,1595525166.0,pangai,TO,-19.8,-174.35,73.4,83.0,20.0,16.11
67,1595525134.0,yellowknife,CA,62.46,-114.35,60.57,87.0,75.0,10.29
68,1595525276.0,sabalgarh,IN,26.25,77.4,88.48,53.0,69.0,9.4
69,1595525276.0,hithadhoo,MV,-0.6,73.08,83.25,69.0,99.0,3.0
70,1595525276.0,hermanus,ZA,-34.42,19.23,55.99,88.0,0.0,1.99
71,1595525109.0,cape town,ZA,-33.93,18.42,58.77,93.0,0.0,3.36
72,1595525276.0,saint-augustin,CA,51.23,-58.65,73.51,38.0,100.0,12.37
73,1595525276.0,pevek,RU,69.7,170.31,48.15,73.0,0.0,5.06
75,1595524996.0,saint george,US,37.1,-113.58,91.85,24.0,1.0,8.05
76,1595525277.0,sergeyevka,KZ,53.88,67.42,62.94,88.0,98.0,13.71
77,1595525277.0,namibe,AO,-15.2,12.15,72.12,62.0,0.0,5.53
78,1595525277.0,mount gambier,AU,-37.83,140.77,39.2,80.0,71.0,10.29
79,1595525277.0,mareeba,AU,-17.0,145.43,61.99,82.0,75.0,9.17
80,1595525130.0,fairbanks,US,64.84,-147.72,52.45,87.0,90.0,5.82
81,1595525277.0,sangar,RU,63.92,127.47,62.58,66.0,0.0,8.86
82,1595525277.0,chapais,CA,49.78,-74.85,73.4,46.0,75.0,4.7
83,1595525277.0,saldanha,ZA,-33.01,17.94,75.2,44.0,0.0,2.24
84,1595525278.0,bati,ET,11.18,40.02,81.16,38.0,60.0,5.46
86,1595525278.0,katherine,AU,-14.47,132.27,60.8,48.0,0.0,4.7
87,1595525278.0,general roca,AR,-39.03,-67.58,41.0,75.0,75.0,4.7
88,1595525278.0,skibbereen,IE,51.55,-9.27,71.6,56.0,75.0,10.29
89,1595525278.0,angoche,MZ,-16.23,39.91,70.68,71.0,2.0,7.74
90,1595525278.0,brae,GB,60.4,-1.35,57.2,87.0,75.0,16.11
91,1595525278.0,mahebourg,MU,-20.41,57.7,69.8,56.0,75.0,18.34
92,1595525279.0,usinsk,RU,65.99,57.53,68.97,63.0,47.0,10.89
93,1595525279.0,tiksi,RU,71.69,128.87,58.24,81.0,87.0,7.9
94,1595525279.0,grindavik,IS,63.84,-22.43,55.4,54.0,20.0,20.8
95,1595525279.0,chuy,UY,-33.7,-53.46,66.47,94.0,100.0,7.31
96,1595525279.0,fort nelson,CA,58.81,-122.7,59.0,82.0,90.0,1.07
97,1595525279.0,saint-philippe,RE,-21.36,55.77,61.3,59.0,75.0,9.17
98,1595525279.0,luderitz,NA,-26.65,15.16,75.2,29.0,0.0,2.24
99,1595525280.0,nanortalik,GL,60.14,-45.24,47.44,91.0,100.0,5.48
100,1595525280.0,bredasdorp,ZA,-34.53,20.04,51.8,93.0,0.0,3.36
101,1595525280.0,severo-kurilsk,RU,50.68,156.12,49.8,91.0,99.0,3.71
102,1595525280.0,avera,US,33.19,-82.53,89.73,59.0,40.0,4.7
103,1595525148.0,torbay,CA,47.67,-52.73,75.76,47.0,75.0,13.87
104,1595525280.0,tasiilaq,GL,65.61,-37.64,41.0,80.0,75.0,11.41
105,1595525191.0,jamestown,US,42.1,-79.24,76.01,78.0,75.0,13.87
106,1595525281.0,thompson,CA,55.74,-97.86,71.6,78.0,75.0,5.82
107,1595525281.0,quatre cocos,MU,-20.21,57.76,68.86,56.0,75.0,18.34
108,1595525281.0,kaitangata,NZ,-46.28,169.85,37.99,79.0,55.0,8.99
109,1595525281.0,kamen,DE,51.6,7.67,75.7,40.0,51.0,4.7
110,1595525281.0,grand-lahou,CI,5.14,-5.02,76.91,81.0,63.0,9.51
114,1595525282.0,richards bay,ZA,-28.78,32.04,64.27,69.0,0.0,10.42
116,1595525282.0,mackay,AU,-21.15,149.2,59.0,93.0,40.0,4.7
117,1595525282.0,puerto del rosario,ES,28.5,-13.86,77.0,73.0,20.0,18.34
118,1595525282.0,muli,MV,2.92,73.57,82.72,78.0,100.0,9.91
119,1595525160.0,ushuaia,AR,-54.8,-68.3,39.2,69.0,75.0,6.93
120,1595525282.0,thai nguyen,VN,21.59,105.84,84.2,74.0,32.0,5.82
121,1595525282.0,mercedes,AR,-34.65,-59.43,50.99,91.0,100.0,3.0
122,1595525119.0,columbus,US,39.96,-83.0,78.01,83.0,90.0,6.93
123,1595525283.0,babag,PH,7.73,126.07,74.05,88.0,92.0,1.03
124,1595525283.0,kupang,ID,-10.17,123.58,72.03,77.0,87.0,10.51
125,1595525283.0,ust-omchug,RU,61.15,149.63,51.3,72.0,53.0,3.15
126,1595525283.0,tuktoyaktuk,CA,69.45,-133.04,53.6,62.0,75.0,11.41
128,1595525283.0,guerrero negro,MX,27.98,-114.06,70.25,66.0,91.0,11.72
129,1595525136.0,bethel,US,41.37,-73.41,83.07,69.0,1.0,11.41
130,1595525284.0,mataura,NZ,-46.19,168.86,39.0,83.0,92.0,3.0
131,1595525284.0,paamiut,GL,61.99,-49.67,46.27,96.0,100.0,2.33
133,1595525284.0,ribeira brava,PT,32.65,-17.07,72.18,64.0,20.0,13.87
134,1595525284.0,saint-pierre,RE,-21.34,55.48,62.29,59.0,75.0,9.17
135,1595525284.0,grand gaube,MU,-20.01,57.66,68.0,51.0,62.0,8.99
136,1595525284.0,lingyuan,CN,41.24,119.4,73.11,52.0,5.0,3.06
137,1595525285.0,sutysky,UA,49.04,28.42,69.4,52.0,85.0,4.47
138,1595525285.0,la ronge,CA,55.1,-105.28,71.6,88.0,75.0,6.93
139,1595525285.0,colomi,BO,-17.35,-65.87,75.2,27.0,75.0,3.36
140,1595525131.0,rio claro,BR,-22.41,-47.56,82.4,32.0,13.0,8.05
141,1595525285.0,butaritari,KI,3.07,172.79,82.47,77.0,2.0,13.09
142,1595525285.0,saskylakh,RU,71.92,114.08,49.57,94.0,96.0,7.83
143,1595525285.0,berlevag,NO,70.86,29.09,48.81,100.0,90.0,4.7
144,1595525285.0,port elizabeth,ZA,-33.92,25.57,57.2,87.0,0.0,3.36
145,1595525285.0,bengkulu,ID,-3.8,102.27,75.99,90.0,99.0,5.03
146,1595525089.0,castro,BR,-24.79,-50.01,74.53,45.0,24.0,6.85
147,1595525286.0,iraray,PH,8.99,118.05,80.01,77.0,99.0,1.41
148,1595525286.0,amga,RU,60.9,131.96,56.55,87.0,0.0,2.33
149,1595525286.0,kavaratti,IN,10.57,72.64,83.01,76.0,100.0,5.68
150,1595525286.0,lahaina,US,20.88,-156.68,74.64,69.0,20.0,6.93
151,1595525286.0,sao filipe,CV,14.9,-24.5,78.69,86.0,68.0,5.95
152,1595525286.0,honiara,SB,-9.43,159.95,75.2,83.0,40.0,3.36
153,1595525287.0,santa isabel,BR,-23.32,-46.22,79.41,39.0,2.0,4.7
154,1595525089.0,san jose,US,37.34,-121.89,66.6,59.0,20.0,4.29
155,1595525181.0,vila velha,BR,-20.33,-40.29,79.12,51.0,20.0,8.05
156,1595525287.0,port hardy,CA,50.7,-127.42,59.0,82.0,75.0,9.17
157,1595525287.0,pangnirtung,CA,66.15,-65.71,53.6,81.0,90.0,5.82
158,1595525287.0,alta floresta,BR,-9.88,-56.09,98.02,22.0,57.0,5.12
159,1595525287.0,klaksvik,FO,62.23,-6.59,53.6,81.0,28.0,8.05
161,1595525103.0,bismarck,US,46.81,-100.78,81.45,69.0,20.0,17.22
162,1595525288.0,clyde river,CA,70.47,-68.59,50.0,61.0,75.0,6.93
163,1595525198.0,rio grande,BR,-32.03,-52.1,83.57,51.0,100.0,11.41
164,1595525288.0,faanui,PF,-16.48,-151.75,77.76,78.0,6.0,16.51
165,1595525012.0,lompoc,US,34.64,-120.46,61.21,82.0,78.0,4.7
166,1595525045.0,kloulklubed,PW,7.04,134.26,77.0,88.0,40.0,4.7
167,1595525288.0,nevel,RU,56.02,29.93,55.96,88.0,78.0,5.57
168,1595525288.0,palu,ID,-0.89,119.87,74.82,81.0,44.0,2.48
169,1595525289.0,vuktyl,RU,63.86,57.31,66.29,56.0,13.0,8.03
170,1595525289.0,tuatapere,NZ,-46.13,167.68,39.0,83.0,90.0,3.0
171,1595525289.0,bousse,BF,12.66,-1.89,87.8,58.0,40.0,12.75
172,1595525289.0,vanavara,RU,60.34,102.28,51.73,82.0,1.0,5.21
173,1595525289.0,freeport,US,40.66,-73.58,77.95,83.0,20.0,8.05
174,1595525118.0,cairns,AU,-16.92,145.77,66.2,82.0,75.0,9.17
175,1595525289.0,bima,ID,-8.47,118.72,70.21,85.0,48.0,3.98
176,1595525289.0,vikindu,TZ,-7.01,39.3,75.2,73.0,40.0,9.17
178,1595525290.0,talnakh,RU,69.49,88.4,46.4,75.0,85.0,26.84
179,1595525154.0,kenora,CA,49.82,-94.43,75.09,44.0,20.0,17.22
180,1595525290.0,victoria,HK,22.29,114.16,84.38,74.0,12.0,7.56
181,1595525290.0,terekli-mekteb,RU,44.17,45.87,88.7,26.0,45.0,1.88
183,1595525290.0,nikolskoye,RU,59.7,30.79,58.42,62.0,40.0,8.95
184,1595525003.0,springfield,US,37.22,-93.3,86.79,62.0,20.0,8.05
185,1595525064.0,talcahuano,CL,-36.72,-73.12,53.6,58.0,61.0,8.05
186,1595525291.0,daru,PG,-9.08,143.21,76.77,84.0,73.0,14.61
187,1595525291.0,la rioja,ES,42.25,-2.5,87.8,38.0,8.0,8.05
188,1595525291.0,srednebelaya,RU,50.66,128.01,68.0,94.0,20.0,3.36
189,1595525291.0,norsup,VU,-16.07,167.38,73.71,82.0,85.0,7.47
190,1595525291.0,sitka,US,57.05,-135.33,53.6,93.0,90.0,3.36
191,1595525291.0,gidole,ET,5.65,37.37,57.38,100.0,51.0,1.23
192,1595525291.0,ancud,CL,-41.87,-73.82,44.6,65.0,0.0,8.05
193,1595525291.0,mount isa,AU,-20.73,139.5,53.6,58.0,0.0,11.61
194,1595525291.0,enshi,CN,30.3,109.48,77.45,84.0,100.0,1.28
195,1595525292.0,avarua,CK,-21.21,-159.78,73.4,100.0,2.0,4.7
196,1595525292.0,doha,QA,25.29,51.53,95.34,63.0,0.0,9.17
197,1595525292.0,tura,IN,25.52,90.22,75.27,97.0,100.0,6.38
198,1595525292.0,jalu,LY,29.03,21.55,93.36,19.0,0.0,12.73
200,1595525292.0,noumea,NC,-22.28,166.46,64.4,77.0,0.0,2.24
202,1595525292.0,arman,RU,59.7,150.17,54.54,77.0,93.0,3.53
203,1595525292.0,topola,RS,44.25,20.68,66.42,100.0,75.0,2.24
204,1595525293.0,chornobay,UA,49.67,32.32,65.95,58.0,90.0,1.28
205,1595525293.0,longyearbyen,SJ,78.22,15.64,48.2,81.0,90.0,9.17
206,1595525293.0,asau,RO,46.43,26.4,62.01,97.0,67.0,2.84
207,1595525293.0,ha tinh,VN,18.33,105.9,79.66,81.0,74.0,3.29
208,1595525293.0,samarkand,UZ,39.65,66.96,82.4,37.0,1.0,4.7
209,1595525045.0,praia da vitoria,PT,38.73,-27.07,77.0,61.0,20.0,5.84
210,1595525051.0,lincoln,US,40.8,-96.67,86.4,66.0,1.0,12.75
211,1595525293.0,maneadero,MX,31.72,-116.57,68.0,80.0,38.0,1.99
212,1595525214.0,minot,US,48.23,-101.3,77.14,94.0,20.0,16.11
213,1595525294.0,tecolutla,MX,20.48,-97.02,91.4,59.0,75.0,6.93
214,1595525294.0,hazorasp,UZ,41.32,61.07,78.8,61.0,88.0,6.93
215,1595525294.0,vanimo,PG,-2.67,141.3,77.86,86.0,46.0,4.52
216,1595525294.0,igarka,RU,67.47,86.58,53.67,57.0,88.0,17.31
217,1595525294.0,itarema,BR,-2.92,-39.92,84.85,60.0,45.0,17.96
218,1595525294.0,shelburne,CA,44.08,-80.2,74.46,64.0,20.0,6.93
220,1595525295.0,teguise,ES,29.06,-13.56,80.6,61.0,20.0,25.28
221,1595525295.0,yar-sale,RU,66.83,70.83,50.99,70.0,40.0,6.55
222,1595525082.0,cloquet,US,46.72,-92.46,70.88,52.0,1.0,6.93
224,1595525295.0,andapa,MG,-14.65,49.65,62.24,82.0,92.0,3.87
225,1595525295.0,isangel,VU,-19.55,169.27,72.52,84.0,83.0,14.45
226,1595525295.0,puerto escondido,MX,15.85,-97.07,86.0,70.0,40.0,6.93
227,1595525295.0,barrow,US,71.29,-156.79,46.4,93.0,90.0,18.34
228,1595525008.0,cabo san lucas,MX,22.89,-109.91,85.05,69.0,5.0,14.99
229,1595525089.0,langarud,IR,37.2,50.15,77.81,83.0,75.0,1.39
231,1595525112.0,juba,SS,4.85,31.58,73.74,84.0,3.0,3.06
232,1595525296.0,port jervis,US,41.38,-74.69,81.28,47.0,86.0,6.87
233,1595525296.0,beringovskiy,RU,63.05,179.32,47.61,83.0,70.0,4.9
234,1595525296.0,college,US,64.86,-147.8,52.5,82.0,75.0,2.55
237,1595525297.0,cayenne,GF,4.93,-52.33,87.8,58.0,65.0,11.41
238,1595525297.0,huizhou,CN,23.08,114.4,81.43,81.0,71.0,3.24
239,1595525297.0,gorontalo,ID,0.54,123.06,74.82,87.0,99.0,5.08
240,1595525297.0,obo,CF,5.4,26.49,70.21,91.0,98.0,2.44
241,1595525297.0,marienburg,PL,54.04,19.03,66.27,48.0,20.0,12.75
242,1595525297.0,marawi,PH,8.0,124.29,77.0,89.0,100.0,4.0
243,1595525297.0,sur,OM,22.57,59.53,86.45,66.0,87.0,19.77
244,1595525297.0,bathsheba,BB,13.22,-59.52,89.6,55.0,40.0,18.34
245,1595525297.0,kutulik,RU,53.35,102.78,57.4,74.0,0.0,5.77
246,1595525298.0,iisalmi,FI,63.56,27.19,57.2,82.0,87.0,6.93
247,1595525298.0,butembo,CD,0.15,29.28,59.02,97.0,55.0,2.66
248,1595525298.0,asosa,ET,10.07,34.53,61.54,98.0,100.0,1.66
251,1595525298.0,jurado,CO,7.11,-77.76,80.53,83.0,86.0,7.9
252,1595525298.0,kosh-agach,RU,50.0,88.67,55.96,75.0,99.0,1.25
253,1595525298.0,egersund,NO,58.45,6.0,57.99,85.0,100.0,1.01
254,1595525299.0,labuan,MY,5.28,115.24,77.0,100.0,20.0,10.11
255,1595525299.0,lagoa,PT,39.05,-27.98,69.64,70.0,0.0,2.98
256,1595525299.0,itoman,JP,26.12,127.67,82.27,88.0,20.0,10.29
257,1595525299.0,airai,TL,-8.93,125.41,52.95,71.0,85.0,2.55
258,1595525299.0,sola,VU,-13.88,167.55,80.08,84.0,85.0,22.62
260,1595525299.0,geraldton,AU,-28.77,114.6,44.6,93.0,0.0,4.7
261,1595525299.0,lata,PT,40.16,-8.33,78.1,52.0,0.0,10.0
262,1595525169.0,pabianice,PL,51.66,19.35,64.36,55.0,39.0,5.82
263,1595525300.0,lavrentiya,RU,65.58,-171.0,53.35,57.0,100.0,10.2
264,1595525300.0,conceicao do araguaia,BR,-8.26,-49.26,93.2,32.0,0.0,12.75
266,1595525300.0,yanam,IN,16.73,82.22,82.4,74.0,90.0,3.36
267,1595525300.0,sao joao da barra,BR,-21.64,-41.05,81.54,45.0,20.0,13.87
268,1595525300.0,egvekinot,RU,66.32,-179.17,54.09,69.0,75.0,2.82
269,1595525300.0,da lat,VN,11.95,108.44,60.96,100.0,100.0,0.63
271,1595525301.0,acarau,BR,-2.89,-40.12,85.15,60.0,38.0,17.74
272,1595525301.0,tam ky,VN,15.57,108.48,78.8,88.0,20.0,4.7
273,1595525301.0,karatau,KZ,43.17,70.47,81.7,34.0,69.0,21.32
274,1595525278.0,maputo,MZ,-25.97,32.59,67.28,64.0,40.0,2.24
275,1595525301.0,coos bay,US,43.37,-124.22,59.14,93.0,90.0,10.29
276,1595525131.0,hamilton,US,39.18,-84.53,81.23,78.0,40.0,5.82
277,1595525301.0,rovaniemi,FI,66.5,25.72,62.6,93.0,20.0,8.05
278,1595525260.0,filadelfia,US,39.95,-75.16,87.3,70.0,75.0,4.7
279,1595525259.0,lima,PE,-12.04,-77.03,62.6,77.0,90.0,4.7
280,1595525302.0,ojinaga,MX,29.57,-104.42,89.6,35.0,1.0,3.36
282,1595525302.0,kahului,US,20.89,-156.47,74.14,69.0,20.0,9.66
283,1595525302.0,vao,NC,-22.67,167.48,69.04,76.0,4.0,17.31
284,1595525302.0,gerardmer,FR,48.07,6.88,80.73,34.0,61.0,6.93
285,1595525235.0,eskisehir,TR,39.78,30.52,78.8,47.0,20.0,13.87
286,1595525302.0,katsuura,JP,35.13,140.3,72.48,92.0,100.0,1.05
287,1595525303.0,nuevo progreso,MX,23.17,-97.95,93.38,40.0,3.0,4.0
289,1595525018.0,mar del plata,AR,-38.0,-57.56,54.59,100.0,90.0,6.93
290,1595525303.0,badou,TG,7.58,0.6,78.78,77.0,94.0,4.63
291,1595525303.0,bandarbeyla,SO,9.49,50.81,76.96,77.0,78.0,30.56
292,1595525303.0,rawson,AR,-43.3,-65.1,39.51,80.0,100.0,12.57
293,1595525303.0,camacha,PT,33.08,-16.33,71.6,64.0,75.0,14.99
294,1595525303.0,hofn,IS,64.25,-15.21,55.4,66.0,75.0,8.05
295,1595525303.0,wewak,PG,-3.55,143.63,79.54,82.0,80.0,7.87
296,1595525304.0,pervomayskoye,RU,43.92,46.71,80.44,32.0,47.0,8.9
297,1595525304.0,esperance,AU,-33.87,121.9,46.4,81.0,40.0,8.05
298,1595525304.0,tunduma,TZ,-9.3,32.77,55.42,76.0,0.0,9.26
299,1595525304.0,gamboma,CG,-1.88,15.86,88.79,36.0,82.0,0.89
300,1595525304.0,joao neiva,BR,-19.76,-40.39,79.23,51.0,20.0,8.05
303,1595525304.0,lubumbashi,CD,-11.66,27.48,60.66,42.0,1.0,1.86
304,1595525304.0,saint stephen,GB,50.33,-4.9,63.79,93.0,75.0,13.87
305,1595525305.0,palaikastron,GR,35.2,26.25,82.99,50.0,0.0,15.01
306,1595525305.0,zaysan,KZ,47.47,84.87,64.99,61.0,36.0,5.28
307,1595525305.0,kavieng,PG,-2.57,150.8,82.53,77.0,45.0,11.45
308,1595525305.0,winneba,GH,5.35,-0.62,80.6,74.0,100.0,19.46
309,1595525305.0,moron,AR,-34.65,-58.62,53.62,98.0,100.0,1.99
311,1595525248.0,derby,GB,52.92,-1.48,65.08,72.0,75.0,16.11
312,1595525306.0,aguacatan,GT,15.34,-91.31,64.99,68.0,84.0,1.01
314,1595525058.0,sidney,AU,-33.87,151.21,47.61,93.0,4.0,4.7
315,1595525306.0,maragogi,BR,-9.01,-35.22,78.51,72.0,65.0,12.08
316,1595525306.0,hilo,US,19.73,-155.09,65.52,78.0,90.0,3.09
317,1595525306.0,tilichiki,RU,60.47,166.1,45.03,93.0,0.0,1.52
318,1595525306.0,nome,US,64.5,-165.41,44.78,87.0,90.0,6.96
319,1595525306.0,goderich,CA,43.75,-81.72,73.44,77.0,21.0,12.71
320,1595525306.0,constitucion,CL,-35.33,-72.42,53.29,66.0,32.0,3.47
321,1595525307.0,terrace bay,CA,48.78,-87.1,69.8,60.0,20.0,2.24
323,1595525307.0,ussel,FR,45.55,2.32,82.0,41.0,97.0,5.01
324,1595525307.0,belmonte,BR,-15.86,-38.88,77.0,73.0,40.0,5.82
325,1595525307.0,karlskrona,SE,56.16,15.59,66.2,52.0,36.0,11.41
326,1595525307.0,gilbues,BR,-9.83,-45.34,90.52,30.0,94.0,8.9
327,1595525307.0,gueugnon,FR,46.6,4.06,82.99,25.0,96.0,9.17
328,1595525308.0,dingle,PH,11.0,122.67,77.05,85.0,89.0,4.16
329,1595525308.0,nador,MA,35.17,-2.93,84.06,65.0,3.0,4.7
330,1595525308.0,bilibino,RU,68.05,166.44,62.28,57.0,11.0,4.09
331,1595525308.0,coihaique,CL,-45.58,-72.07,24.8,79.0,90.0,3.36
332,1595525308.0,cherskiy,RU,68.75,161.3,63.14,65.0,29.0,6.4
333,1595525308.0,souillac,MU,-20.52,57.52,69.8,56.0,75.0,18.34
335,1595525309.0,kruisfontein,ZA,-34.0,24.73,56.39,72.0,0.0,2.68
336,1595525309.0,merauke,ID,-8.47,140.33,75.67,83.0,0.0,13.85
337,1595525309.0,kindu,CD,-2.95,25.95,82.81,37.0,64.0,1.36
338,1595525309.0,sao felix do xingu,BR,-6.64,-51.99,94.46,31.0,25.0,5.35
340,1595525309.0,roma,US,43.21,-75.46,78.21,78.0,75.0,4.7
341,1595525309.0,malanje,AO,-9.54,16.34,78.8,65.0,40.0,4.7
342,1595525309.0,samarai,PG,-10.62,150.67,77.5,83.0,41.0,11.43
343,1595525017.0,newport,GB,51.59,-3.0,64.44,94.0,100.0,1.01
345,1595525310.0,sterling,US,39.01,-77.43,89.31,55.0,1.0,3.42
346,1595525310.0,arraial do cabo,BR,-22.97,-42.03,81.34,61.0,50.0,17.22
347,1595525310.0,abeche,TD,13.83,20.83,87.49,48.0,88.0,7.31
348,1595525197.0,springdale,US,36.19,-94.13,84.54,74.0,75.0,5.82
349,1595525310.0,chissamba,AO,-12.17,17.33,66.43,26.0,0.0,3.91
350,1595525310.0,kitimat,CA,54.05,-128.65,59.0,83.0,100.0,3.0
351,1595525311.0,talara,PE,-4.58,-81.27,75.2,64.0,2.0,18.34
352,1595525311.0,port-gentil,GA,-0.72,8.78,80.6,74.0,20.0,13.22
354,1595525311.0,emerald,AU,-23.53,148.17,57.7,93.0,90.0,10.29
355,1595525311.0,flinders,AU,-34.58,150.86,49.86,86.0,89.0,1.99
356,1595525311.0,channel-port aux basques,CA,47.57,-59.14,64.8,81.0,90.0,7.11
357,1595525193.0,hervey bay,AU,-25.3,152.85,59.0,94.0,94.0,3.0
358,1595525311.0,northam,GB,51.03,-4.22,62.02,95.0,100.0,8.99
360,1595525311.0,rudnaya pristan,RU,44.36,135.81,60.64,91.0,24.0,1.07
361,1595525312.0,ambulu,ID,-8.35,113.61,72.16,85.0,65.0,6.11
363,1595525312.0,ballinasloe,IE,53.33,-8.22,62.87,81.0,98.0,8.93
364,1595525312.0,davila,PH,18.47,120.58,82.89,78.0,9.0,4.54
365,1595525312.0,quang ngai,VN,15.12,108.8,77.41,89.0,63.0,4.52
366,1595525312.0,gladstone,AU,-23.85,151.25,59.0,82.0,40.0,5.82
368,1595525312.0,sinnamary,GF,5.38,-52.95,82.24,80.0,60.0,8.75
370,1595525313.0,kysyl-syr,RU,63.9,122.76,63.59,73.0,76.0,5.91
371,1595525313.0,port lincoln,AU,-34.73,135.87,51.57,53.0,39.0,14.34
372,1595525313.0,yulara,AU,-25.24,130.99,42.8,60.0,0.0,3.36
373,1595525313.0,peniche,PT,39.36,-9.38,70.95,81.0,0.0,8.99
374,1595525313.0,north bend,US,43.41,-124.22,59.59,93.0,90.0,10.29
375,1595525313.0,thessalon,CA,46.25,-83.57,75.2,44.0,1.0,3.36
376,1595525313.0,camopi,GF,3.17,-52.32,82.29,89.0,53.0,4.61
377,1595525314.0,erzurum,TR,40.0,41.5,62.6,72.0,75.0,19.46
379,1595525314.0,mahibadhoo,MV,3.78,72.97,83.1,75.0,100.0,13.47
380,1595525314.0,pakaur,IN,24.63,87.85,83.62,82.0,100.0,8.23
382,1595525314.0,ouargaye,BF,11.5,0.06,88.3,52.0,55.0,3.87
383,1595525314.0,morbegno,IT,46.14,9.57,79.63,55.0,23.0,1.01
384,1595525314.0,makat,KZ,47.65,53.35,85.48,25.0,30.0,9.57
385,1595525314.0,khatanga,RU,71.97,102.5,42.4,85.0,100.0,17.92
387,1595525315.0,leningradskiy,RU,69.38,178.42,45.82,72.0,96.0,14.07
388,1595525315.0,lasa,IT,46.62,10.7,71.6,37.0,75.0,6.93
389,1595525315.0,port-cartier,CA,50.03,-66.87,68.54,72.0,40.0,9.17
390,1595524538.0,portland,US,45.52,-122.68,62.24,72.0,90.0,6.93
392,1595525122.0,pisco,PE,-13.7,-76.22,68.0,72.0,7.0,5.82
393,1595525245.0,tallahassee,US,30.44,-84.28,84.7,88.0,90.0,8.05
394,1595525316.0,rafaela,AR,-31.25,-61.49,45.41,72.0,100.0,5.01
396,1595525316.0,bowling green,US,36.99,-86.44,77.36,88.0,75.0,3.36
397,1595525316.0,bayevo,RU,53.28,80.77,59.54,72.0,70.0,7.0
398,1595525316.0,coronado,US,32.69,-117.18,67.89,64.0,75.0,4.7
399,1595525276.0,yarada,IN,17.65,83.27,82.4,83.0,90.0,3.36
400,1595525139.0,nyurba,RU,63.28,118.33,58.01,85.0,0.0,1.95
401,1595525316.0,camana,PE,-16.62,-72.71,63.77,68.0,79.0,11.97
402,1595525317.0,kirensk,RU,57.79,108.11,56.17,76.0,36.0,2.06
403,1595525317.0,bairiki,KI,1.33,172.98,82.4,78.0,40.0,11.41
404,1595525211.0,aguas vermelhas,BR,-15.75,-41.46,78.42,39.0,0.0,6.71
405,1595525317.0,trairi,BR,-3.28,-39.27,85.26,55.0,33.0,16.11
406,1595525317.0,ayia galini,GR,35.1,24.68,81.28,50.0,0.0,8.99
407,1595525317.0,merrill,US,45.18,-89.68,64.06,88.0,90.0,3.11
408,1595525317.0,coffs harbour,AU,-30.3,153.13,55.4,93.0,75.0,8.05
409,1595525317.0,mizdah,LY,31.45,12.98,90.23,18.0,0.0,14.36
410,1595525318.0,emba,KZ,48.83,58.14,78.82,37.0,49.0,7.85
411,1595525318.0,gornyy,RU,55.12,83.91,49.14,87.0,0.0,3.67
412,1595525318.0,port blair,IN,11.67,92.75,82.71,74.0,78.0,4.41
413,1595525318.0,shingu,JP,33.73,135.98,75.92,83.0,100.0,1.5
414,1595525318.0,maningrida,AU,-12.07,134.27,66.38,86.0,7.0,8.16
415,1595525318.0,solton,RU,52.84,86.48,57.79,87.0,37.0,1.72
416,1595525319.0,nuuk,GL,64.18,-51.72,53.6,76.0,75.0,8.05
417,1595525319.0,nongstoin,IN,25.52,91.27,67.53,100.0,100.0,4.63
418,1595525319.0,half moon bay,US,37.46,-122.43,63.81,72.0,40.0,3.36
419,1595525319.0,aloleng,PH,16.13,119.78,82.08,77.0,100.0,6.6
420,1595525319.0,pacific grove,US,36.62,-121.92,58.77,82.0,90.0,6.93
421,1595525320.0,lerwick,GB,60.15,-1.15,57.2,87.0,75.0,16.11
422,1595525320.0,namatanai,PG,-3.67,152.43,79.56,82.0,45.0,6.35
423,1595525320.0,eydhafushi,MV,5.1,73.07,82.69,78.0,100.0,12.84
424,1595525320.0,port macquarie,AU,-31.43,152.92,46.4,93.0,40.0,2.21
425,1595525321.0,ventspils,LV,57.39,21.56,62.6,63.0,20.0,12.75
426,1595525321.0,soyo,AO,-6.13,12.37,73.6,77.0,5.0,9.53
427,1595525321.0,mogadishu,SO,2.04,45.34,76.91,74.0,47.0,19.86
428,1595525321.0,lamar,US,33.67,-95.58,88.2,62.0,20.0,5.82
429,1595525321.0,aklavik,CA,68.22,-135.01,55.4,58.0,40.0,11.41
430,1595525321.0,walvis bay,NA,-22.96,14.51,74.79,18.0,0.0,4.7
431,1595525322.0,kokopo,PG,-4.35,152.26,77.4,81.0,23.0,7.87
432,1595525322.0,havre,FR,49.58,0.33,66.31,63.0,96.0,8.05
433,1595525322.0,ust-nera,RU,64.57,143.2,64.81,69.0,93.0,2.28
434,1595525322.0,coquimbo,CL,-29.95,-71.34,59.0,47.0,4.0,11.41
435,1595525322.0,batagay,RU,67.63,134.63,64.2,56.0,59.0,2.89
436,1595525323.0,poso,ID,-1.4,120.75,75.99,75.0,30.0,6.62
437,1595525323.0,nanakuli,US,21.39,-158.15,72.14,78.0,1.0,3.36
438,1595525323.0,dunedin,NZ,-45.87,170.5,39.78,71.0,35.0,5.99
439,1595525304.0,alofi,NU,-19.06,-169.92,73.4,100.0,73.0,8.05
440,1595525324.0,manicore,BR,-5.81,-61.3,86.0,70.0,84.0,2.24
441,1595525324.0,visby,SE,57.64,18.3,63.41,63.0,31.0,14.99
442,1595525324.0,korla,CN,41.76,86.15,80.01,68.0,32.0,5.01
444,1595525324.0,willowmore,ZA,-33.29,23.49,56.73,35.0,0.0,1.12
445,1595525324.0,belaya gora,RU,68.53,146.42,72.57,51.0,60.0,6.04
446,1595525325.0,mabaruma,GY,8.2,-59.78,83.21,85.0,72.0,5.88
447,1595525325.0,kyzyl-suu,KG,42.34,78.0,61.92,34.0,57.0,4.32
448,1595525325.0,haines junction,CA,60.75,-137.51,50.95,84.0,100.0,2.53
449,1595525325.0,palmer,US,42.16,-72.33,83.68,70.0,75.0,13.87
450,1595525325.0,sibu,MY,2.3,111.82,75.07,94.0,40.0,0.38
451,1595525325.0,silifke,TR,36.38,33.93,87.3,41.0,0.0,6.87
452,1595525326.0,westport,US,41.14,-73.36,84.09,74.0,75.0,10.29
453,1595525326.0,seybaplaya,MX,19.65,-90.67,86.0,74.0,40.0,5.82
454,1595525326.0,terney,RU,45.05,136.61,59.79,90.0,42.0,1.97
455,1595525326.0,gat,IL,31.61,34.76,80.87,60.0,0.0,6.51
456,1595525326.0,karatuzskoye,RU,53.61,92.87,58.12,85.0,8.0,1.45
457,1595525326.0,liku,ID,-0.73,119.89,74.48,84.0,34.0,2.53
458,1595525327.0,zdvinsk,RU,54.7,78.66,52.75,78.0,0.0,5.5
459,1595525327.0,babu,CN,24.42,111.52,80.56,69.0,96.0,1.52
460,1595525327.0,amuntai,ID,-2.42,115.25,73.45,98.0,80.0,0.94
461,1595525328.0,maumere,ID,-8.62,122.21,76.64,75.0,95.0,9.37
462,1595525328.0,boden,SE,65.83,21.69,57.2,93.0,90.0,6.93
463,1595525328.0,gigmoto,PH,13.78,124.39,81.72,79.0,17.0,3.15
464,1595525262.0,belgrade,RS,44.8,20.47,77.97,61.0,58.0,3.36
465,1595525152.0,thunder bay,CA,48.4,-89.32,77.0,50.0,20.0,5.82
466,1595525329.0,guilin,CN,25.28,110.29,78.8,83.0,86.0,0.38
467,1595525329.0,liyang,CN,29.71,118.29,78.31,84.0,64.0,0.2
468,1595525329.0,petit goave,HT,18.43,-72.87,93.2,52.0,20.0,12.75
469,1595525330.0,sohag,EG,26.56,31.69,96.8,22.0,0.0,13.87
470,1595525330.0,karratha,AU,-20.74,116.85,69.66,57.0,0.0,6.31
471,1595525330.0,elizabeth city,US,36.29,-76.25,93.72,63.0,1.0,13.87
472,1595525330.0,fenoarivo,MG,-18.93,47.44,53.6,76.0,75.0,9.17
473,1595525330.0,sao cristovao,BR,-11.01,-37.21,82.4,48.0,40.0,6.93
474,1595525331.0,tiarei,PF,-17.53,-149.33,75.09,73.0,75.0,3.36
475,1595525331.0,havre-saint-pierre,CA,50.23,-63.6,69.8,64.0,1.0,8.05
476,1595525331.0,shu,KZ,43.6,73.76,84.67,22.0,77.0,10.45
477,1595525331.0,vestmannaeyjar,IS,63.44,-20.27,51.8,87.0,75.0,6.93
478,1595525332.0,plettenberg bay,ZA,-34.05,23.37,64.11,59.0,0.0,4.83
479,1595525332.0,wufeng,CN,27.45,104.83,62.62,100.0,98.0,4.21
480,1595525332.0,sari,IR,36.56,53.06,77.0,94.0,75.0,4.7
482,1595525332.0,chaohu,CN,31.6,117.87,76.75,100.0,100.0,2.57
483,1595525332.0,lorengau,PG,-2.02,147.27,82.47,79.0,46.0,8.79
484,1595525333.0,coihueco,CL,-36.62,-71.83,51.8,53.0,90.0,2.24
486,1595525333.0,el vigia,VE,8.62,-71.65,88.02,57.0,13.0,5.14
487,1595525333.0,bossangoa,CF,6.49,17.46,73.81,89.0,98.0,0.18
488,1595525333.0,fortuna,US,40.6,-124.16,56.95,100.0,90.0,8.05
489,1595525333.0,dera bugti,PK,29.03,69.15,99.48,28.0,0.0,13.85
490,1595525174.0,maceio,BR,-9.67,-35.74,80.6,65.0,75.0,11.41
491,1595525333.0,mirzapur,IN,25.15,82.58,82.4,83.0,40.0,2.24
492,1595525334.0,batagay-alyta,RU,67.8,130.41,58.42,69.0,7.0,1.28
494,1595525334.0,rantepao,ID,-2.97,119.9,65.95,89.0,95.0,1.28
495,1595525334.0,kasama,ZM,-10.21,31.18,60.4,40.0,0.0,4.41
496,1595525334.0,asfi,MA,32.3,-9.24,77.7,69.0,0.0,23.49
497,1595525334.0,palmeira das missoes,BR,-27.9,-53.31,72.75,72.0,73.0,11.43
498,1595525335.0,waipawa,NZ,-41.41,175.52,44.96,65.0,8.0,3.36
499,1595525335.0,ronne,DK,55.1,14.71,62.6,77.0,0.0,13.87
500,1595525335.0,lebu,CL,-37.62,-73.65,49.15,62.0,46.0,2.64
501,1595525226.0,tandil,AR,-37.32,-59.13,55.0,81.0,100.0,1.99
502,1595525335.0,humaita,BR,-7.51,-63.02,98.35,31.0,85.0,2.93
503,1595525335.0,lethem,GY,3.38,-59.8,86.81,64.0,40.0,2.95
504,1595525336.0,kapoeta,SS,4.77,33.59,75.11,66.0,15.0,6.2
505,1595525336.0,gazli,UZ,40.13,63.45,87.49,25.0,89.0,21.41
507,1595525336.0,champerico,GT,14.3,-91.92,87.8,66.0,20.0,9.17
508,1595525336.0,port washington,US,40.83,-73.7,80.74,74.0,75.0,12.75
509,1595525336.0,turayf,SA,31.67,38.66,98.6,18.0,0.0,13.87
510,1595525337.0,andrews,US,32.32,-102.55,89.6,40.0,1.0,9.17
511,1595525337.0,matagami,CA,49.75,-77.63,75.2,38.0,1.0,4.99
512,1595525079.0,cedar city,US,37.68,-113.06,80.6,28.0,1.0,13.87
513,1595525337.0,aksarka,RU,66.56,67.8,53.29,67.0,51.0,6.89
514,1595525337.0,srednekolymsk,RU,67.45,153.68,67.64,49.0,100.0,5.06
515,1595525337.0,turukhansk,RU,65.82,87.98,50.59,81.0,93.0,5.5
516,1595525337.0,biak,ID,-0.91,122.88,76.1,83.0,67.0,7.25
517,1595525338.0,te anau,NZ,-45.42,167.72,34.41,88.0,47.0,3.8
518,1595525338.0,sorland,NO,67.67,12.69,51.8,87.0,75.0,25.28
519,1595525338.0,pandan,PH,14.05,124.17,81.59,81.0,25.0,4.5
520,1595525338.0,kuvandyk,RU,51.48,57.36,61.29,89.0,100.0,12.44
521,1595525338.0,mutare,ZW,-18.97,32.67,50.76,75.0,18.0,6.89
522,1595525338.0,duderstadt,DE,51.51,10.26,73.33,45.0,3.0,1.01
523,1595525338.0,poum,NC,-20.23,164.02,71.31,79.0,6.0,17.6
525,1595525339.0,bonavista,CA,48.65,-53.11,65.05,63.0,18.0,5.21
526,1595525339.0,alacranes,CU,22.77,-81.57,86.0,74.0,75.0,6.93
527,1595525339.0,mayumba,GA,-3.43,10.66,73.69,77.0,77.0,6.06
528,1595525199.0,gold coast,AU,-28.0,153.43,59.18,93.0,40.0,10.29
529,1595525340.0,radhanpur,IN,23.83,71.6,89.67,66.0,52.0,8.25
530,1595525340.0,manta,EC,-0.95,-80.73,78.8,78.0,77.0,8.05
531,1595525340.0,princeton,US,25.54,-80.41,80.49,88.0,75.0,6.93
532,1595525259.0,urumqi,CN,43.8,87.6,69.8,77.0,75.0,8.95
533,1595525341.0,hualmay,PE,-11.1,-77.61,66.38,71.0,61.0,9.01
534,1595525341.0,makakilo city,US,21.35,-158.09,72.97,78.0,1.0,3.36
535,1595525341.0,polyarnyy,RU,69.2,33.45,71.6,60.0,46.0,13.42
536,1595525341.0,alberton,CA,46.82,-64.07,63.66,89.0,93.0,5.82
537,1595525341.0,fuxin,CN,42.02,121.66,79.39,42.0,0.0,1.97
538,1595525341.0,upata,VE,8.01,-62.4,80.37,84.0,100.0,4.63
539,1595525342.0,juybar,IR,36.64,52.91,77.0,94.0,75.0,4.7
541,1595525342.0,falam,MM,22.92,93.68,62.98,100.0,100.0,1.81
542,1595525342.0,amapa,BR,1.0,-52.0,82.74,76.0,55.0,4.59
543,1595525342.0,ballina,AU,-28.87,153.57,57.15,100.0,90.0,6.93
544,1595525342.0,luoyang,CN,34.68,112.45,73.0,99.0,100.0,3.13
545,1595525343.0,nohar,IN,29.18,74.77,96.48,39.0,1.0,1.54
546,1595525343.0,siguiri,GN,11.67,-9.5,85.21,69.0,31.0,1.68
547,1595525343.0,mehamn,NO,71.04,27.85,50.0,93.0,90.0,2.24
548,1595525126.0,whitehorse,CA,60.72,-135.05,50.23,100.0,75.0,2.24
549,1595525343.0,kovur,IN,14.48,79.98,84.02,75.0,100.0,5.77
550,1595525343.0,guaratinga,BR,-16.57,-39.57,77.0,73.0,40.0,5.82
551,1595525344.0,vyazemskiy,RU,47.54,134.75,65.25,96.0,93.0,5.84
552,1595525096.0,deer lake,CA,49.17,-57.43,73.2,56.0,90.0,11.41
553,1595525344.0,popovo,BG,43.35,26.23,86.0,37.0,48.0,6.93
554,1595525344.0,khani,GE,41.96,42.96,77.0,78.0,75.0,5.82
555,1595525345.0,sumbe,AO,-11.21,13.84,71.8,82.0,1.0,6.8
556,1595525345.0,pedernales,DO,18.04,-71.74,91.4,59.0,40.0,14.99
557,1595525345.0,touros,BR,-5.2,-35.46,84.2,58.0,40.0,13.87
558,1595525345.0,maldonado,UY,-34.67,-54.92,57.99,100.0,90.0,4.7
559,1595525345.0,masumbwe,TZ,-3.63,32.18,72.63,43.0,4.0,5.64
560,1595525195.0,luanda,AO,-8.84,13.23,71.6,78.0,20.0,8.05
561,1595525346.0,broome,US,42.25,-75.83,79.83,69.0,75.0,8.05
562,1595525346.0,bambanglipuro,ID,-7.95,110.28,74.89,84.0,97.0,8.52
563,1595525346.0,nioki,CD,-2.72,17.68,88.75,35.0,71.0,1.63
564,1595525346.0,arkhipo-osipovka,RU,44.37,38.52,75.42,55.0,0.0,13.71
565,1595525346.0,kropotkin,RU,45.44,40.58,72.09,54.0,13.0,5.48
566,1595525346.0,bushehr,IR,28.97,50.84,93.2,67.0,0.0,6.93
567,1595525347.0,anadyr,RU,64.75,177.48,50.0,93.0,47.0,4.47
568,1595525347.0,barpali,IN,21.2,83.58,78.69,86.0,100.0,7.9
569,1595525259.0,bastrop,US,32.76,-91.87,89.44,55.0,1.0,8.05
570,1595525347.0,narsaq,GL,60.92,-46.05,64.4,74.0,75.0,19.46
571,1595525347.0,matay,EG,28.42,30.78,92.57,21.0,7.0,6.62
572,1595525348.0,margate,GB,51.38,1.39,71.37,41.0,98.0,4.0
573,1595525348.0,zhanakorgan,KZ,43.91,67.25,82.81,29.0,81.0,7.63
574,1595525348.0,ube,JP,33.94,131.25,76.66,83.0,75.0,16.11
576,1595525348.0,gravdal,NO,68.12,13.5,50.0,93.0,75.0,11.41
577,1595525348.0,manaure,CO,11.78,-72.44,90.41,50.0,92.0,16.64
578,1595525348.0,tonantins,BR,-2.87,-67.8,81.63,83.0,84.0,1.39
579,1595525349.0,xai-xai,MZ,-25.05,33.64,66.92,65.0,55.0,8.86
580,1595525349.0,beidao,CN,34.57,105.89,67.19,87.0,100.0,2.1
581,1595525349.0,maibong,IN,25.3,93.17,75.67,86.0,100.0,3.53
582,1595525349.0,moissala,TD,8.34,17.77,73.31,91.0,100.0,2.62
583,1595525349.0,gazojak,TM,41.19,61.4,86.29,32.0,98.0,15.03
584,1595525350.0,odweyne,SO,9.41,45.06,74.64,53.0,11.0,18.12
585,1595525350.0,beloha,MG,-25.17,45.05,60.84,71.0,16.0,14.23
586,1595525350.0,liaozhong,CN,41.51,122.72,73.4,78.0,78.0,4.47
587,1595525350.0,mapiripan,CO,2.89,-72.13,87.96,57.0,58.0,2.91
588,1595525350.0,naco,MX,31.33,-109.95,67.55,74.0,95.0,3.0
589,1595525350.0,winslow,US,35.02,-110.7,82.4,30.0,75.0,3.36
590,1595525350.0,west fargo,US,46.88,-96.9,77.11,64.0,1.0,18.34
591,1595525351.0,luis correia,BR,-2.88,-41.67,87.46,51.0,6.0,9.08
592,1595525351.0,saint-francois,FR,46.42,3.91,83.19,25.0,93.0,9.17
593,1595525351.0,kedrovyy,RU,56.17,91.82,51.8,93.0,40.0,2.24
594,1595525351.0,machinga,MW,-15.17,35.3,59.18,71.0,76.0,4.81
595,1595525352.0,okato,NZ,-39.2,173.88,46.0,90.0,86.0,4.0
596,1595525352.0,khandyga,RU,62.67,135.6,56.5,76.0,8.0,1.3
597,1595525163.0,baijiantan,CN,45.63,85.18,80.62,37.0,77.0,7.78
598,1595525352.0,muros,ES,42.78,-9.06,77.16,64.0,13.0,14.99
599,1595525352.0,hauterive,FR,46.09,3.45,82.38,37.0,99.0,3.36
